mean_fit_time,std_fit_time,mean_score_time,std_score_time,param_colsample_bytree,param_learning_rate,param_max_depth,param_n_estimators,param_subsample,params,split0_test_score,split1_test_score,split2_test_score,split3_test_score,split4_test_score,mean_test_score,std_test_score,rank_test_score
2.5744922161102295,1.2173477029699602,0.04123420715332031,0.028334331745086372,0.8,0.05,3,100,0.8,"{'colsample_bytree': 0.8, 'learning_rate': 0.05, 'max_depth': 3, 'n_estimators': 100, 'subsample': 0.8}",0.9056291390728477,0.90625,0.9068708609271523,0.9049886151935417,0.904574622231422,0.9056626474849928,0.0008299402381751636,47
2.773722267150879,0.34490143360086906,0.022937870025634764,0.0023194242085345586,0.8,0.05,3,100,1.0,"{'colsample_bytree': 0.8, 'learning_rate': 0.05, 'max_depth': 3, 'n_estimators': 100, 'subsample': 1.0}",0.9048013245033113,0.9066639072847682,0.9039735099337748,0.9049886151935417,0.905816601117781,0.9052487916066354,0.0009186100307602068,48
5.67059359550476,0.6604163282416119,0.030340290069580077,0.002864802568420285,0.8,0.05,3,200,0.8,"{'colsample_bytree': 0.8, 'learning_rate': 0.05, 'max_depth': 3, 'n_estimators': 200, 'subsample': 0.8}",0.9205298013245033,0.9225993377483444,0.9244619205298014,0.9205133512730284,0.920927344235148,0.921806351022165,0.0015332943469063014,37
3.2937318325042724,1.360140660634816,0.028790760040283202,0.0024259491146255262,0.8,0.05,3,200,1.0,"{'colsample_bytree': 0.8, 'learning_rate': 0.05, 'max_depth': 3, 'n_estimators': 200, 'subsample': 1.0}",0.9199089403973509,0.9240480132450332,0.9234271523178808,0.9198923618298489,0.9203063547919685,0.9215165645164165,0.0018300642428681045,39
2.6590922355651854,0.3427368084303844,0.027910852432250978,0.0025658571044408266,0.8,0.05,5,100,0.8,"{'colsample_bytree': 0.8, 'learning_rate': 0.05, 'max_depth': 5, 'n_estimators': 100, 'subsample': 0.8}",0.9308774834437086,0.929635761589404,0.9298427152317881,0.9294141999586008,0.9250672738563445,0.9289674868159692,0.0020135499414152317,32
1.7262855052947998,0.3949248440888482,0.0920018196105957,0.093287888607897,0.8,0.05,5,100,1.0,"{'colsample_bytree': 0.8, 'learning_rate': 0.05, 'max_depth': 5, 'n_estimators': 100, 'subsample': 1.0}",0.9317052980132451,0.9286009933774835,0.9269453642384106,0.9296211964396606,0.9246532808942248,0.9283052265926048,0.002390216446312885,33
4.4200831890106205,1.2944574845640338,0.09196658134460449,0.07602020586141674,0.8,0.05,5,200,0.8,"{'colsample_bytree': 0.8, 'learning_rate': 0.05, 'max_depth': 5, 'n_estimators': 200, 'subsample': 0.8}",0.9385347682119205,0.9416390728476821,0.9397764900662252,0.9389360380873525,0.9327261436555578,0.9383225025737476,0.0029951438589501116,21
4.314455795288086,1.1269174473072952,0.06929736137390137,0.03675186416995522,0.8,0.05,5,200,1.0,"{'colsample_bytree': 0.8, 'learning_rate': 0.05, 'max_depth': 5, 'n_estimators': 200, 'subsample': 1.0}",0.9389486754966887,0.9412251655629139,0.9397764900662252,0.9368660732767543,0.9316911612502587,0.9377015131305682,0.0033196192308586133,24
4.019118785858154,1.4661560082126128,0.03438925743103027,0.0036110330029960223,0.8,0.05,7,100,0.8,"{'colsample_bytree': 0.8, 'learning_rate': 0.05, 'max_depth': 7, 'n_estimators': 100, 'subsample': 0.8}",0.9420529801324503,0.9437086092715232,0.9451572847682119,0.9405920099358311,0.9366590767956945,0.9416339921807424,0.002923309348018122,17
3.0132612705230715,1.0968521882958988,0.05302925109863281,0.01775670962448242,0.8,0.05,7,100,1.0,"{'colsample_bytree': 0.8, 'learning_rate': 0.05, 'max_depth': 7, 'n_estimators': 100, 'subsample': 1.0}",0.9420529801324503,0.9435016556291391,0.9447433774834437,0.9405920099358311,0.9364520803146347,0.9414684206991,0.002868200224181021,18
6.2691973686218265,0.8769903142937396,0.13799495697021485,0.12823333812719706,0.8,0.05,7,200,0.8,"{'colsample_bytree': 0.8, 'learning_rate': 0.05, 'max_depth': 7, 'n_estimators': 200, 'subsample': 0.8}",0.9490894039735099,0.9478476821192053,0.9486754966887417,0.944110950113848,0.94183398882219,0.9463115043434991,0.002848003247278784,7
6.281267213821411,1.347512683417873,0.07202553749084473,0.0419186292714136,0.8,0.05,7,200,1.0,"{'colsample_bytree': 0.8, 'learning_rate': 0.05, 'max_depth': 7, 'n_estimators': 200, 'subsample': 1.0}",0.9463990066225165,0.9482615894039735,0.9472268211920529,0.944110950113848,0.9401780169737114,0.9452352768612207,0.002874685081538044,11
2.449353837966919,0.7475791900561611,0.12871627807617186,0.081634202298845,0.8,0.1,3,100,0.8,"{'colsample_bytree': 0.8, 'learning_rate': 0.1, 'max_depth': 3, 'n_estimators': 100, 'subsample': 0.8}",0.9213576158940397,0.9230132450331126,0.9240480132450332,0.9182363899813704,0.9203063547919685,0.9213923237891049,0.0020406138128086313,41
1.1109375476837158,0.23098474007777764,0.022739744186401366,0.002682322235260946,0.8,0.1,3,100,1.0,"{'colsample_bytree': 0.8, 'learning_rate': 0.1, 'max_depth': 3, 'n_estimators': 100, 'subsample': 1.0}",0.9228062913907285,0.9221854304635762,0.9228062913907285,0.9213413371972676,0.9194783688677293,0.921723543862006,0.0012445815637486459,38
3.352629804611206,0.27912814952735054,0.032222652435302736,0.006902343698780947,0.8,0.1,3,200,0.8,"{'colsample_bytree': 0.8, 'learning_rate': 0.1, 'max_depth': 3, 'n_estimators': 200, 'subsample': 0.8}",0.9321192052980133,0.9343956953642384,0.9356374172185431,0.9298281929207204,0.9285862140343614,0.9321133449671754,0.0026567203617973057,29
2.516212224960327,0.3936137109675739,0.06766605377197266,0.03562108102393821,0.8,0.1,3,200,1.0,"{'colsample_bytree': 0.8, 'learning_rate': 0.1, 'max_depth': 3, 'n_estimators': 200, 'subsample': 1.0}",0.9323261589403974,0.9283940397350994,0.9294288079470199,0.9339681225419167,0.9265162492237632,0.9301266756776393,0.002687700373623873,30
1.8235693454742432,0.3380615888201385,0.02954277992248535,0.008451596274120593,0.8,0.1,5,100,0.8,"{'colsample_bytree': 0.8, 'learning_rate': 0.1, 'max_depth': 5, 'n_estimators': 100, 'subsample': 0.8}",0.9391556291390728,0.9387417218543046,0.9383278145695364,0.9399710204926516,0.935003104947216,0.9382398582005562,0.001707145826589579,22
2.1945825099945067,0.5523540922170664,0.02736811637878418,0.003340896347437369,0.8,0.1,5,100,1.0,"{'colsample_bytree': 0.8, 'learning_rate': 0.1, 'max_depth': 5, 'n_estimators': 100, 'subsample': 1.0}",0.9362582781456954,0.9393625827814569,0.9377069536423841,0.9379010556820534,0.9323121506934382,0.9367082041890056,0.002408063148984805,26
4.8610107421875,0.9305411389298591,0.11834020614624023,0.07515408071074739,0.8,0.1,5,200,0.8,"{'colsample_bytree': 0.8, 'learning_rate': 0.1, 'max_depth': 5, 'n_estimators': 200, 'subsample': 0.8}",0.9457781456953642,0.9466059602649006,0.9470198675496688,0.9426619747464293,0.94183398882219,0.9447799874157108,0.0021219069344333655,12
4.089528512954712,0.5556851387720346,0.03707199096679688,0.0023325123754421996,0.8,0.1,5,200,1.0,"{'colsample_bytree': 0.8, 'learning_rate': 0.1, 'max_depth': 5, 'n_estimators': 200, 'subsample': 1.0}",0.9447433774834437,0.9443294701986755,0.9459850993377483,0.9426619747464293,0.936038087352515,0.9427516018237625,0.003521126371735106,16
3.9662488460540772,0.36793138848048235,0.0603302001953125,0.03316274899938125,0.8,0.1,7,100,0.8,"{'colsample_bytree': 0.8, 'learning_rate': 0.1, 'max_depth': 7, 'n_estimators': 100, 'subsample': 0.8}",0.9486754966887417,0.9480546357615894,0.9474337748344371,0.9447319395570275,0.9432829641896088,0.946435762206281,0.0020725027527123477,6
2.5297189712524415,0.39778143489667606,0.07565226554870605,0.05687281509588018,0.8,0.1,7,100,1.0,"{'colsample_bytree': 0.8, 'learning_rate': 0.1, 'max_depth': 7, 'n_estimators': 100, 'subsample': 1.0}",0.9474337748344371,0.9482615894039735,0.9466059602649006,0.9424549782653695,0.9420409853032499,0.9453594576143862,0.0025971980471236962,10
5.51857180595398,0.5242765273808423,0.04749584197998047,0.0031466539564689285,0.8,0.1,7,200,0.8,"{'colsample_bytree': 0.8, 'learning_rate': 0.1, 'max_depth': 7, 'n_estimators': 200, 'subsample': 0.8}",0.9497102649006622,0.9484685430463576,0.9505380794701986,0.9476298902918651,0.9445249430759677,0.9481743441570103,0.0020807406570581407,3
4.499964094161987,1.104192273313764,0.1865861415863037,0.12391034215251706,0.8,0.1,7,200,1.0,"{'colsample_bytree': 0.8, 'learning_rate': 0.1, 'max_depth': 7, 'n_estimators': 200, 'subsample': 1.0}",0.9515728476821192,0.9480546357615894,0.9499172185430463,0.9486648726971642,0.9434899606706686,0.9483399070709175,0.002707352172847919,2
1.7763882637023927,0.39609406801200886,0.09897480010986329,0.15653544782486573,1.0,0.05,3,100,0.8,"{'colsample_bytree': 1.0, 'learning_rate': 0.05, 'max_depth': 3, 'n_estimators': 100, 'subsample': 0.8}",0.9045943708609272,0.9083195364238411,0.9083195364238411,0.9064375905609605,0.9060235975988408,0.9067389263736821,0.001428164775980654,45
1.3990522861480712,0.45430248775319443,0.0939551830291748,0.08396328494912746,1.0,0.05,3,100,1.0,"{'colsample_bytree': 1.0, 'learning_rate': 0.05, 'max_depth': 3, 'n_estimators': 100, 'subsample': 1.0}",0.9045943708609272,0.9110099337748344,0.9079056291390728,0.9033326433450631,0.9056096046367211,0.9064904363513238,0.002711870686862757,46
3.38985857963562,1.2303143510703711,0.045766448974609374,0.03570618573026357,1.0,0.05,3,200,0.8,"{'colsample_bytree': 1.0, 'learning_rate': 0.05, 'max_depth': 3, 'n_estimators': 200, 'subsample': 0.8}",0.9207367549668874,0.921978476821192,0.9223923841059603,0.9192713723866694,0.920927344235148,0.9210612665031714,0.0010899644672446966,42
3.2169955253601072,0.9520749411546476,0.05290508270263672,0.03174883469103568,1.0,0.05,3,200,1.0,"{'colsample_bytree': 1.0, 'learning_rate': 0.05, 'max_depth': 3, 'n_estimators': 200, 'subsample': 1.0}",0.9213576158940397,0.9221854304635762,0.9203228476821192,0.9194783688677293,0.9205133512730284,0.9207715228360985,0.0009255105604250965,44
2.5829790115356444,1.0387231593575392,0.04523887634277344,0.021672670997939583,1.0,0.05,5,100,0.8,"{'colsample_bytree': 1.0, 'learning_rate': 0.05, 'max_depth': 5, 'n_estimators': 100, 'subsample': 0.8}",0.9283940397350994,0.9294288079470199,0.9244619205298014,0.924446284413165,0.9256882632995239,0.9264838631849219,0.002058855635250403,35
1.7812460899353026,0.640675688587684,0.09626126289367676,0.13386329519884727,1.0,0.05,5,100,1.0,"{'colsample_bytree': 1.0, 'learning_rate': 0.05, 'max_depth': 5, 'n_estimators': 100, 'subsample': 1.0}",0.9288079470198676,0.9248758278145696,0.9238410596026491,0.9254812668184641,0.9225833160836265,0.9251178834678354,0.0020910054244134874,36
4.8544398784637455,0.38991656996072066,0.038460302352905276,0.004074597010982808,1.0,0.05,5,200,0.8,"{'colsample_bytree': 1.0, 'learning_rate': 0.05, 'max_depth': 5, 'n_estimators': 200, 'subsample': 0.8}",0.9401903973509934,0.9368791390728477,0.9403973509933775,0.9354170979093356,0.9341751190229766,0.937411820869906,0.0025049066174877028,25
3.612983226776123,0.5505829413778461,0.04033660888671875,0.004539242635540585,1.0,0.05,5,200,1.0,"{'colsample_bytree': 1.0, 'learning_rate': 0.05, 'max_depth': 5, 'n_estimators': 200, 'subsample': 1.0}",0.9383278145695364,0.9317052980132451,0.9362582781456954,0.9366590767956945,0.9318981577313186,0.934969725051098,0.002678882352542409,28
2.856600046157837,0.6028924045995004,0.07541918754577637,0.07601336828129814,1.0,0.05,7,100,0.8,"{'colsample_bytree': 1.0, 'learning_rate': 0.05, 'max_depth': 7, 'n_estimators': 100, 'subsample': 0.8}",0.9408112582781457,0.9422599337748344,0.9424668874172185,0.9374870627199338,0.9374870627199338,0.9401024409820133,0.002210348884807216,19
1.7509114265441894,0.38044051246913524,0.06340551376342773,0.06415564854025134,1.0,0.05,7,100,1.0,"{'colsample_bytree': 1.0, 'learning_rate': 0.05, 'max_depth': 7, 'n_estimators': 100, 'subsample': 1.0}",0.9389486754966887,0.9420529801324503,0.9395695364238411,0.9368660732767543,0.9358310908714552,0.9386536712402378,0.0021745622045746624,20
5.83575930595398,1.2298015798009632,0.1444706439971924,0.11427375511883321,1.0,0.05,7,200,0.8,"{'colsample_bytree': 1.0, 'learning_rate': 0.05, 'max_depth': 7, 'n_estimators': 200, 'subsample': 0.8}",0.9463990066225165,0.9480546357615894,0.945364238410596,0.9457669219623266,0.9412129993790106,0.9453595604272079,0.0022673250001348857,9
5.942540502548217,1.1680401397387696,0.16795015335083008,0.15697253139363382,1.0,0.05,7,200,1.0,"{'colsample_bytree': 1.0, 'learning_rate': 0.05, 'max_depth': 7, 'n_estimators': 200, 'subsample': 1.0}",0.9437086092715232,0.9468129139072847,0.945364238410596,0.9439039536327882,0.940799006416891,0.9441177443278168,0.0020022390385505172,13
1.796996545791626,0.42801801565477715,0.06041259765625,0.06149575779574128,1.0,0.1,3,100,0.8,"{'colsample_bytree': 1.0, 'learning_rate': 0.1, 'max_depth': 3, 'n_estimators': 100, 'subsample': 0.8}",0.9213576158940397,0.9215645695364238,0.9228062913907285,0.9207203477540882,0.9188573794245498,0.921061240799966,0.0012930268835898999,43
1.8828073978424071,0.6779758691587935,0.027523088455200195,0.008464877388963744,1.0,0.1,3,100,1.0,"{'colsample_bytree': 1.0, 'learning_rate': 0.1, 'max_depth': 3, 'n_estimators': 100, 'subsample': 1.0}",0.9209437086092715,0.9240480132450332,0.9209437086092715,0.9213413371972676,0.9198923618298489,0.9214338258981385,0.0013927721301040903,40
4.758599376678466,0.7099310695106399,0.05405979156494141,0.05293700930636204,1.0,0.1,3,200,0.8,"{'colsample_bytree': 1.0, 'learning_rate': 0.1, 'max_depth': 3, 'n_estimators': 200, 'subsample': 0.8}",0.933567880794702,0.9310844370860927,0.9300496688741722,0.9290002069964811,0.9254812668184641,0.9298366921139823,0.0026530522966417077,31
3.33369460105896,0.5764853441680061,0.06367530822753906,0.04872985212078145,1.0,0.1,3,200,1.0,"{'colsample_bytree': 1.0, 'learning_rate': 0.1, 'max_depth': 3, 'n_estimators': 200, 'subsample': 1.0}",0.9288079470198676,0.9277731788079471,0.9275662251655629,0.9287932105154212,0.9263092527427034,0.9278499628503004,0.0009238658263459157,34
2.57425799369812,0.49888297484037697,0.1253817081451416,0.15233798317818492,1.0,0.1,5,100,0.8,"{'colsample_bytree': 1.0, 'learning_rate': 0.1, 'max_depth': 5, 'n_estimators': 100, 'subsample': 0.8}",0.9381208609271523,0.9422599337748344,0.9387417218543046,0.9379010556820534,0.9316911612502587,0.9377429466977206,0.0034115289471457616,23
2.186173343658447,0.6501040215403572,0.04976634979248047,0.037049317478484535,1.0,0.1,5,100,1.0,"{'colsample_bytree': 1.0, 'learning_rate': 0.1, 'max_depth': 5, 'n_estimators': 100, 'subsample': 1.0}",0.9389486754966887,0.9383278145695364,0.9364652317880795,0.9352101014282758,0.9316911612502587,0.9361285969065678,0.0025860082665972906,27
5.380042934417725,0.909749282248215,0.05734043121337891,0.03440388401864774,1.0,0.1,5,200,0.8,"{'colsample_bytree': 1.0, 'learning_rate': 0.1, 'max_depth': 5, 'n_estimators': 200, 'subsample': 0.8}",0.9478476821192053,0.9482615894039735,0.9476407284768212,0.9449389360380873,0.9403850134547713,0.9458147898985718,0.002956454718288857,8
4.350397682189941,1.6010344662676026,0.10147566795349121,0.10303909451865742,1.0,0.1,5,200,1.0,"{'colsample_bytree': 1.0, 'learning_rate': 0.1, 'max_depth': 5, 'n_estimators': 200, 'subsample': 1.0}",0.9455711920529801,0.9457781456953642,0.9463990066225165,0.944110950113848,0.9376940592009936,0.9439106707371406,0.003197592220984092,15
4.972108554840088,0.8090722119452369,0.03549652099609375,0.007615791063941736,1.0,0.1,7,100,0.8,"{'colsample_bytree': 1.0, 'learning_rate': 0.1, 'max_depth': 7, 'n_estimators': 100, 'subsample': 0.8}",0.9501241721854304,0.9478476821192053,0.9474337748344371,0.9439039536327882,0.9439039536327882,0.9466427072809299,0.0024166047755798388,5
2.884872245788574,1.238095198245796,0.1639862060546875,0.09863584920605259,1.0,0.1,7,100,1.0,"{'colsample_bytree': 1.0, 'learning_rate': 0.1, 'max_depth': 7, 'n_estimators': 100, 'subsample': 1.0}",0.9461920529801324,0.9466059602649006,0.9445364238410596,0.9439039536327882,0.9387290416062927,0.9439934864650349,0.002816944829753156,14
6.116365242004394,1.6659087839094697,0.12494158744812012,0.10999165878229208,1.0,0.1,7,200,0.8,"{'colsample_bytree': 1.0, 'learning_rate': 0.1, 'max_depth': 7, 'n_estimators': 200, 'subsample': 0.8}",0.9524006622516556,0.9470198675496688,0.9507450331125827,0.9474228938108052,0.945352929000207,0.948588277144984,0.002587329940209217,1
5.336328411102295,1.1467688821805122,0.12305502891540528,0.11500963366862497,1.0,0.1,7,200,1.0,"{'colsample_bytree': 1.0, 'learning_rate': 0.1, 'max_depth': 7, 'n_estimators': 200, 'subsample': 1.0}",0.9513658940397351,0.9461920529801324,0.9468129139072847,0.946594907886566,0.9447319395570275,0.9471395416741493,0.0022342626863650827,4
